<annotation>
	<folder>JPEGImages</folder>
	<filename>OriRGB_pitaya_000005.xml</filename>
	<path>D:/VOC2007/JPEGImages/OriRGB_pitaya_000005.jpg</path>
	<source>
		<database>Unknown</database>
	</source>
	<size>
		<width>720</width>
		<height>1280</height>
		<depth>3</depth>
	</size>
	<segmented>0</segmented>
	<object>
		<name>pitaya</name>
		<pose>Unspecified</pose>
		<truncated>0</truncated>
		<difficult>0</difficult>
		<bndbox>
			<xmin>502</xmin>
			<ymin>947</ymin>
			<xmax>602</xmax>
			<ymax>1073</ymax>
		</bndbox>
	</object>
	<object>
		<name>pitaya</name>
		<pose>Unspecified</pose>
		<truncated>0</truncated>
		<difficult>0</difficult>
		<bndbox>
			<xmin>141</xmin>
			<ymin>744</ymin>
			<xmax>204</xmax>
			<ymax>821</ymax>
		</bndbox>
	</object>
</annotation>