<annotation>
	<folder>JPEGImages</folder>
	<filename>OriRGB_pitaya_000004.xml</filename>
	<path>D:/VOC2007/JPEGImages/OriRGB_pitaya_000004.jpg</path>
	<source>
		<database>Unknown</database>
	</source>
	<size>
		<width>720</width>
		<height>1280</height>
		<depth>3</depth>
	</size>
	<segmented>0</segmented>
	<object>
		<name>pitaya</name>
		<pose>Unspecified</pose>
		<truncated>0</truncated>
		<difficult>0</difficult>
		<bndbox>
			<xmin>543</xmin>
			<ymin>155</ymin>
			<xmax>652</xmax>
			<ymax>242</ymax>
		</bndbox>
	</object>
</annotation>