<annotation>
	<folder>JPEGImages</folder>
	<filename>OriRGB_pitaya_000009.xml</filename>
	<path>D:/VOC2007/JPEGImages/OriRGB_pitaya_000009.jpg</path>
	<source>
		<database>Unknown</database>
	</source>
	<size>
		<width>720</width>
		<height>1280</height>
		<depth>3</depth>
	</size>
	<segmented>0</segmented>
	<object>
		<name>pitaya</name>
		<pose>Unspecified</pose>
		<truncated>0</truncated>
		<difficult>0</difficult>
		<bndbox>
			<xmin>200</xmin>
			<ymin>738</ymin>
			<xmax>315</xmax>
			<ymax>819</ymax>
		</bndbox>
	</object>
	<object>
		<name>pitaya</name>
		<pose>Unspecified</pose>
		<truncated>0</truncated>
		<difficult>0</difficult>
		<bndbox>
			<xmin>481</xmin>
			<ymin>705</ymin>
			<xmax>602</xmax>
			<ymax>800</ymax>
		</bndbox>
	</object>
	<object>
		<name>pitaya</name>
		<pose>Unspecified</pose>
		<truncated>0</truncated>
		<difficult>0</difficult>
		<bndbox>
			<xmin>198</xmin>
			<ymin>1077</ymin>
			<xmax>311</xmax>
			<ymax>1165</ymax>
		</bndbox>
	</object>
	<object>
		<name>pitaya</name>
		<pose>Unspecified</pose>
		<truncated>1</truncated>
		<difficult>0</difficult>
		<bndbox>
			<xmin>1</xmin>
			<ymin>859</ymin>
			<xmax>36</xmax>
			<ymax>919</ymax>
		</bndbox>
	</object>
	<object>
		<name>pitaya</name>
		<pose>Unspecified</pose>
		<truncated>0</truncated>
		<difficult>0</difficult>
		<bndbox>
			<xmin>238</xmin>
			<ymin>855</ymin>
			<xmax>319</xmax>
			<ymax>932</ymax>
		</bndbox>
	</object>
</annotation>