<annotation>
	<folder>JPEGImages</folder>
	<filename>OriRGB_pitaya_000015.xml</filename>
	<path>D:/VOC2007/JPEGImages/OriRGB_pitaya_000015.jpg</path>
	<source>
		<database>Unknown</database>
	</source>
	<size>
		<width>720</width>
		<height>1280</height>
		<depth>3</depth>
	</size>
	<segmented>0</segmented>
	<object>
		<name>pitaya</name>
		<pose>Unspecified</pose>
		<truncated>0</truncated>
		<difficult>0</difficult>
		<bndbox>
			<xmin>567</xmin>
			<ymin>461</ymin>
			<xmax>698</xmax>
			<ymax>574</ymax>
		</bndbox>
	</object>
	<object>
		<name>pitaya</name>
		<pose>Unspecified</pose>
		<truncated>0</truncated>
		<difficult>0</difficult>
		<bndbox>
			<xmin>607</xmin>
			<ymin>416</ymin>
			<xmax>699</xmax>
			<ymax>501</ymax>
		</bndbox>
	</object>
	<object>
		<name>pitaya</name>
		<pose>Unspecified</pose>
		<truncated>0</truncated>
		<difficult>0</difficult>
		<bndbox>
			<xmin>554</xmin>
			<ymin>1101</ymin>
			<xmax>681</xmax>
			<ymax>1203</ymax>
		</bndbox>
	</object>
</annotation>