<annotation>
	<folder>JPEGImages</folder>
	<filename>OriRGB_pitaya_000007.xml</filename>
	<path>D:/VOC2007/JPEGImages/OriRGB_pitaya_000007.jpg</path>
	<source>
		<database>Unknown</database>
	</source>
	<size>
		<width>720</width>
		<height>1280</height>
		<depth>3</depth>
	</size>
	<segmented>0</segmented>
	<object>
		<name>pitaya</name>
		<pose>Unspecified</pose>
		<truncated>0</truncated>
		<difficult>0</difficult>
		<bndbox>
			<xmin>183</xmin>
			<ymin>832</ymin>
			<xmax>283</xmax>
			<ymax>936</ymax>
		</bndbox>
	</object>
	<object>
		<name>pitaya</name>
		<pose>Unspecified</pose>
		<truncated>0</truncated>
		<difficult>0</difficult>
		<bndbox>
			<xmin>472</xmin>
			<ymin>700</ymin>
			<xmax>552</xmax>
			<ymax>782</ymax>
		</bndbox>
	</object>
	<object>
		<name>pitaya</name>
		<pose>Unspecified</pose>
		<truncated>1</truncated>
		<difficult>0</difficult>
		<bndbox>
			<xmin>641</xmin>
			<ymin>669</ymin>
			<xmax>720</xmax>
			<ymax>746</ymax>
		</bndbox>
	</object>
	<object>
		<name>pitaya</name>
		<pose>Unspecified</pose>
		<truncated>0</truncated>
		<difficult>0</difficult>
		<bndbox>
			<xmin>434</xmin>
			<ymin>1016</ymin>
			<xmax>553</xmax>
			<ymax>1093</ymax>
		</bndbox>
	</object>
	<object>
		<name>pitaya</name>
		<pose>Unspecified</pose>
		<truncated>1</truncated>
		<difficult>0</difficult>
		<bndbox>
			<xmin>423</xmin>
			<ymin>1173</ymin>
			<xmax>548</xmax>
			<ymax>1280</ymax>
		</bndbox>
	</object>
</annotation>