<annotation>
	<folder>JPEGImages</folder>
	<filename>OriRGB_pitaya_000006.xml</filename>
	<path>D:/VOC2007/JPEGImages/OriRGB_pitaya_000006.jpg</path>
	<source>
		<database>Unknown</database>
	</source>
	<size>
		<width>720</width>
		<height>1280</height>
		<depth>3</depth>
	</size>
	<segmented>0</segmented>
	<object>
		<name>pitaya</name>
		<pose>Unspecified</pose>
		<truncated>0</truncated>
		<difficult>0</difficult>
		<bndbox>
			<xmin>6</xmin>
			<ymin>603</ymin>
			<xmax>126</xmax>
			<ymax>703</ymax>
		</bndbox>
	</object>
	<object>
		<name>pitaya</name>
		<pose>Unspecified</pose>
		<truncated>0</truncated>
		<difficult>0</difficult>
		<bndbox>
			<xmin>173</xmin>
			<ymin>968</ymin>
			<xmax>306</xmax>
			<ymax>1139</ymax>
		</bndbox>
	</object>
</annotation>