<annotation>
	<folder>JPEGImages</folder>
	<filename>OriRGB_pitaya_000013.xml</filename>
	<path>D:/VOC2007/JPEGImages/OriRGB_pitaya_000013.jpg</path>
	<source>
		<database>Unknown</database>
	</source>
	<size>
		<width>720</width>
		<height>1280</height>
		<depth>3</depth>
	</size>
	<segmented>0</segmented>
	<object>
		<name>pitaya</name>
		<pose>Unspecified</pose>
		<truncated>0</truncated>
		<difficult>0</difficult>
		<bndbox>
			<xmin>92</xmin>
			<ymin>489</ymin>
			<xmax>235</xmax>
			<ymax>607</ymax>
		</bndbox>
	</object>
	<object>
		<name>pitaya</name>
		<pose>Unspecified</pose>
		<truncated>0</truncated>
		<difficult>0</difficult>
		<bndbox>
			<xmin>61</xmin>
			<ymin>651</ymin>
			<xmax>181</xmax>
			<ymax>742</ymax>
		</bndbox>
	</object>
</annotation>