<annotation>
	<folder>JPEGImages</folder>
	<filename>OriRGB_pitaya_000008.xml</filename>
	<path>D:/VOC2007/JPEGImages/OriRGB_pitaya_000008.jpg</path>
	<source>
		<database>Unknown</database>
	</source>
	<size>
		<width>720</width>
		<height>1280</height>
		<depth>3</depth>
	</size>
	<segmented>0</segmented>
	<object>
		<name>pitaya</name>
		<pose>Unspecified</pose>
		<truncated>0</truncated>
		<difficult>0</difficult>
		<bndbox>
			<xmin>275</xmin>
			<ymin>834</ymin>
			<xmax>373</xmax>
			<ymax>931</ymax>
		</bndbox>
	</object>
	<object>
		<name>pitaya</name>
		<pose>Unspecified</pose>
		<truncated>0</truncated>
		<difficult>0</difficult>
		<bndbox>
			<xmin>572</xmin>
			<ymin>714</ymin>
			<xmax>661</xmax>
			<ymax>792</ymax>
		</bndbox>
	</object>
	<object>
		<name>pitaya</name>
		<pose>Unspecified</pose>
		<truncated>0</truncated>
		<difficult>0</difficult>
		<bndbox>
			<xmin>533</xmin>
			<ymin>1031</ymin>
			<xmax>649</xmax>
			<ymax>1105</ymax>
		</bndbox>
	</object>
	<object>
		<name>pitaya</name>
		<pose>Unspecified</pose>
		<truncated>1</truncated>
		<difficult>0</difficult>
		<bndbox>
			<xmin>519</xmin>
			<ymin>1195</ymin>
			<xmax>644</xmax>
			<ymax>1280</ymax>
		</bndbox>
	</object>
</annotation>