<annotation>
	<folder>JPEGImages</folder>
	<filename>OriRGB_pitaya_000012.xml</filename>
	<path>D:/VOC2007/JPEGImages/OriRGB_pitaya_000012.jpg</path>
	<source>
		<database>Unknown</database>
	</source>
	<size>
		<width>720</width>
		<height>1280</height>
		<depth>3</depth>
	</size>
	<segmented>0</segmented>
	<object>
		<name>pitaya</name>
		<pose>Unspecified</pose>
		<truncated>0</truncated>
		<difficult>0</difficult>
		<bndbox>
			<xmin>354</xmin>
			<ymin>538</ymin>
			<xmax>461</xmax>
			<ymax>626</ymax>
		</bndbox>
	</object>
	<object>
		<name>pitaya</name>
		<pose>Unspecified</pose>
		<truncated>0</truncated>
		<difficult>0</difficult>
		<bndbox>
			<xmin>296</xmin>
			<ymin>861</ymin>
			<xmax>367</xmax>
			<ymax>964</ymax>
		</bndbox>
	</object>
	<object>
		<name>pitaya</name>
		<pose>Unspecified</pose>
		<truncated>1</truncated>
		<difficult>0</difficult>
		<bndbox>
			<xmin>614</xmin>
			<ymin>670</ymin>
			<xmax>720</xmax>
			<ymax>768</ymax>
		</bndbox>
	</object>
</annotation>