<annotation>
	<folder>JPEGImages</folder>
	<filename>OriRGB_pitaya_000001.xml</filename>
	<path>D:/VOC2007/JPEGImages/OriRGB_pitaya_000001.jpg</path>
	<source>
		<database>Unknown</database>
	</source>
	<size>
		<width>720</width>
		<height>1280</height>
		<depth>3</depth>
	</size>
	<segmented>0</segmented>
	<object>
		<name>pitaya</name>
		<pose>Unspecified</pose>
		<truncated>0</truncated>
		<difficult>0</difficult>
		<bndbox>
			<xmin>274</xmin>
			<ymin>832</ymin>
			<xmax>404</xmax>
			<ymax>927</ymax>
		</bndbox>
	</object>
	<object>
		<name>pitaya</name>
		<pose>Unspecified</pose>
		<truncated>0</truncated>
		<difficult>0</difficult>
		<bndbox>
			<xmin>479</xmin>
			<ymin>830</ymin>
			<xmax>584</xmax>
			<ymax>946</ymax>
		</bndbox>
	</object>
	<object>
		<name>pitaya</name>
		<pose>Unspecified</pose>
		<truncated>0</truncated>
		<difficult>0</difficult>
		<bndbox>
			<xmin>403</xmin>
			<ymin>847</ymin>
			<xmax>480</xmax>
			<ymax>959</ymax>
		</bndbox>
	</object>
</annotation>