<annotation>
	<folder>JPEGImages</folder>
	<filename>OriRGB_pitaya_000011.xml</filename>
	<path>D:/VOC2007/JPEGImages/OriRGB_pitaya_000011.jpg</path>
	<source>
		<database>Unknown</database>
	</source>
	<size>
		<width>720</width>
		<height>1280</height>
		<depth>3</depth>
	</size>
	<segmented>0</segmented>
	<object>
		<name>pitaya</name>
		<pose>Unspecified</pose>
		<truncated>0</truncated>
		<difficult>0</difficult>
		<bndbox>
			<xmin>629</xmin>
			<ymin>870</ymin>
			<xmax>695</xmax>
			<ymax>969</ymax>
		</bndbox>
	</object>
</annotation>